{
  "token_acc":1.0,
  "token_p":1.0,
  "token_r":1.0,
  "token_f":1.0,
  "ents_p":0.8201438849,
  "ents_r":0.7916666667,
  "ents_f":0.8056537102,
  "ents_per_type":{
    "PERSON":{
      "p":0.9318181818,
      "r":0.9534883721,
      "f":0.9425287356
    },
    "NORP":{
      "p":0.8333333333,
      "r":1.0,
      "f":0.9090909091
    },
    "GPE":{
      "p":0.9285714286,
      "r":1.0,
      "f":0.962962963
    },
    "ORGANIZATION":{
      "p":1.0,
      "r":0.875,
      "f":0.9333333333
    },
    "DATE":{
      "p":0.6818181818,
      "r":0.7142857143,
      "f":0.6976744186
    },
    "CARDINAL":{
      "p":0.7142857143,
      "r":0.7142857143,
      "f":0.7142857143
    },
    "PERCENT":{
      "p":0.0,
      "r":0.0,
      "f":0.0
    },
    "LOCATION":{
      "p":1.0,
      "r":1.0,
      "f":1.0
    },
    "QUANTITY":{
      "p":0.0,
      "r":0.0,
      "f":0.0
    },
    "LAW":{
      "p":0.4285714286,
      "r":0.5,
      "f":0.4615384615
    },
    "MONEY":{
      "p":1.0,
      "r":1.0,
      "f":1.0
    },
    "WORK OF ART":{
      "p":0.7142857143,
      "r":0.5882352941,
      "f":0.6451612903
    },
    "TIME":{
      "p":0.0,
      "r":0.0,
      "f":0.0
    },
    "FACILITY":{
      "p":0.0,
      "r":0.0,
      "f":0.0
    },
    "EVENT":{
      "p":1.0,
      "r":1.0,
      "f":1.0
    }
  },
  "speed":874.4262405374
}