{
  "token_acc":1.0,
  "token_p":1.0,
  "token_r":1.0,
  "token_f":1.0,
  "ents_p":0.8623853211,
  "ents_r":0.6527777778,
  "ents_f":0.743083004,
  "ents_per_type":{
    "NORP":{
      "p":1.0,
      "r":0.6,
      "f":0.75
    },
    "PERSON":{
      "p":0.9487179487,
      "r":0.8604651163,
      "f":0.9024390244
    },
    "GPE":{
      "p":1.0,
      "r":1.0,
      "f":1.0
    },
    "ORGANIZATION":{
      "p":1.0,
      "r":0.625,
      "f":0.7692307692
    },
    "ORG":{
      "p":0.0,
      "r":0.0,
      "f":0.0
    },
    "PERCENT":{
      "p":1.0,
      "r":1.0,
      "f":1.0
    },
    "LOCATION":{
      "p":0.0,
      "r":0.0,
      "f":0.0
    },
    "DATE":{
      "p":0.7777777778,
      "r":0.6666666667,
      "f":0.7179487179
    },
    "QUANTITY":{
      "p":1.0,
      "r":0.5,
      "f":0.6666666667
    },
    "LAW":{
      "p":0.0,
      "r":0.0,
      "f":0.0
    },
    "MONEY":{
      "p":1.0,
      "r":1.0,
      "f":1.0
    },
    "CARDINAL":{
      "p":0.6666666667,
      "r":0.5714285714,
      "f":0.6153846154
    },
    "TIME":{
      "p":0.0,
      "r":0.0,
      "f":0.0
    },
    "WORK_OF_ART":{
      "p":0.0,
      "r":0.0,
      "f":0.0
    },
    "WORK OF ART":{
      "p":0.8,
      "r":0.2352941176,
      "f":0.3636363636
    },
    "EVENT":{
      "p":1.0,
      "r":1.0,
      "f":1.0
    },
    "FACILITY":{
      "p":0.0,
      "r":0.0,
      "f":0.0
    }
  },
  "speed":782.2214341308
}