{
  "token_acc":1.0,
  "token_p":1.0,
  "token_r":1.0,
  "token_f":1.0,
  "ents_p":0.7913669065,
  "ents_r":0.7638888889,
  "ents_f":0.777385159,
  "ents_per_type":{
    "PERSON":{
      "p":0.9534883721,
      "r":0.9534883721,
      "f":0.9534883721
    },
    "NORP":{
      "p":0.7142857143,
      "r":1.0,
      "f":0.8333333333
    },
    "GPE":{
      "p":0.9285714286,
      "r":1.0,
      "f":0.962962963
    },
    "ORGANIZATION":{
      "p":1.0,
      "r":0.9375,
      "f":0.9677419355
    },
    "DATE":{
      "p":0.65,
      "r":0.619047619,
      "f":0.6341463415
    },
    "CARDINAL":{
      "p":0.8,
      "r":0.5714285714,
      "f":0.6666666667
    },
    "PERCENT":{
      "p":0.0,
      "r":0.0,
      "f":0.0
    },
    "LOCATION":{
      "p":1.0,
      "r":1.0,
      "f":1.0
    },
    "QUANTITY":{
      "p":0.0,
      "r":0.0,
      "f":0.0
    },
    "LAW":{
      "p":0.25,
      "r":0.1666666667,
      "f":0.2
    },
    "MONEY":{
      "p":1.0,
      "r":1.0,
      "f":1.0
    },
    "WORK OF ART":{
      "p":0.6111111111,
      "r":0.6470588235,
      "f":0.6285714286
    },
    "TIME":{
      "p":0.0,
      "r":0.0,
      "f":0.0
    },
    "FACILITY":{
      "p":0.0,
      "r":0.0,
      "f":0.0
    },
    "EVENT":{
      "p":0.3333333333,
      "r":1.0,
      "f":0.5
    }
  },
  "speed":841.2356939953
}