{
  "token_acc":1.0,
  "token_p":1.0,
  "token_r":1.0,
  "token_f":1.0,
  "ents_p":0.8203125,
  "ents_r":0.7291666667,
  "ents_f":0.7720588235,
  "ents_per_type":{
    "PERSON":{
      "p":0.95,
      "r":0.8837209302,
      "f":0.9156626506
    },
    "NORP":{
      "p":0.8,
      "r":0.8,
      "f":0.8
    },
    "GPE":{
      "p":0.9230769231,
      "r":0.9230769231,
      "f":0.9230769231
    },
    "ORGANIZATION":{
      "p":0.9285714286,
      "r":0.8125,
      "f":0.8666666667
    },
    "DATE":{
      "p":0.7142857143,
      "r":0.7142857143,
      "f":0.7142857143
    },
    "CARDINAL":{
      "p":0.6,
      "r":0.6428571429,
      "f":0.6206896552
    },
    "PERCENT":{
      "p":0.0,
      "r":0.0,
      "f":0.0
    },
    "LOCATION":{
      "p":1.0,
      "r":1.0,
      "f":1.0
    },
    "QUANTITY":{
      "p":0.5,
      "r":0.5,
      "f":0.5
    },
    "LAW":{
      "p":1.0,
      "r":0.1666666667,
      "f":0.2857142857
    },
    "MONEY":{
      "p":1.0,
      "r":1.0,
      "f":1.0
    },
    "TIME":{
      "p":1.0,
      "r":1.0,
      "f":1.0
    },
    "WORK OF ART":{
      "p":0.6666666667,
      "r":0.4705882353,
      "f":0.5517241379
    },
    "EVENT":{
      "p":0.5,
      "r":1.0,
      "f":0.6666666667
    },
    "FACILITY":{
      "p":0.0,
      "r":0.0,
      "f":0.0
    }
  },
  "speed":761.5023780293
}