{
    "token_acc":1.0,
    "token_p":1.0,
    "token_r":1.0,
    "token_f":1.0,
    "ents_p":0.7817258883,
    "ents_r":0.7877237852,
    "ents_f":0.7847133758,
    "ents_per_type":{
      "CARDINAL":{
        "p":0.8064516129,
        "r":0.8928571429,
        "f":0.8474576271
      },
      "MONEY":{
        "p":0.9523809524,
        "r":1.0,
        "f":0.9756097561
      },
      "PERSON":{
        "p":0.84,
        "r":0.8630136986,
        "f":0.8513513514
      },
      "ORGANIZATION":{
        "p":0.8870967742,
        "r":0.8208955224,
        "f":0.8527131783
      },
      "GPE":{
        "p":0.9310344828,
        "r":0.9,
        "f":0.9152542373
      },
      "QUANTITY":{
        "p":1.0,
        "r":0.7142857143,
        "f":0.8333333333
      },
      "PRODUCT":{
        "p":0.6,
        "r":0.5172413793,
        "f":0.5555555556
      },
      "DATE":{
        "p":0.6981132075,
        "r":0.7551020408,
        "f":0.7254901961
      },
      "WORK OF ART":{
        "p":0.7333333333,
        "r":0.6111111111,
        "f":0.6666666667
      },
      "NORP":{
        "p":0.7333333333,
        "r":0.7857142857,
        "f":0.7586206897
      },
      "TIME":{
        "p":0.5,
        "r":1.0,
        "f":0.6666666667
      },
      "ORDINAL":{
        "p":0.2,
        "r":1.0,
        "f":0.3333333333
      },
      "LAW":{
        "p":0.4,
        "r":0.2857142857,
        "f":0.3333333333
      },
      "EVENT":{
        "p":0.3333333333,
        "r":0.2857142857,
        "f":0.3076923077
      },
      "FACILITY":{
        "p":0.5555555556,
        "r":0.625,
        "f":0.5882352941
      },
      "LOCATION":{
        "p":0.0,
        "r":0.0,
        "f":0.0
      },
      "PERCENT":{
        "p":1.0,
        "r":1.0,
        "f":1.0
      }
    },
    "speed":1248.2673891584
  }