{
  "token_acc":1.0,
  "token_p":1.0,
  "token_r":1.0,
  "token_f":1.0,
  "ents_p":0.8863636364,
  "ents_r":0.8540145985,
  "ents_f":0.8698884758,
  "ents_per_type":{
    "NORP":{
      "p":0.8181818182,
      "r":0.9,
      "f":0.8571428571
    },
    "ORDINAL":{
      "p":0.5,
      "r":1.0,
      "f":0.6666666667
    },
    "GPE":{
      "p":0.9166666667,
      "r":0.9166666667,
      "f":0.9166666667
    },
    "PERSON":{
      "p":1.0,
      "r":0.9411764706,
      "f":0.9696969697
    },
    "DATE":{
      "p":0.8333333333,
      "r":0.75,
      "f":0.7894736842
    },
    "ORGANIZATION":{
      "p":0.7857142857,
      "r":0.8461538462,
      "f":0.8148148148
    },
    "LAW":{
      "p":1.0,
      "r":0.5,
      "f":0.6666666667
    },
    "MONEY":{
      "p":1.0,
      "r":1.0,
      "f":1.0
    },
    "CARDINAL":{
      "p":0.9411764706,
      "r":0.9411764706,
      "f":0.9411764706
    },
    "WORK OF ART":{
      "p":0.9375,
      "r":0.8823529412,
      "f":0.9090909091
    },
    "FACILITY":{
      "p":1.0,
      "r":0.3333333333,
      "f":0.5
    },
    "TIME":{
      "p":0.0,
      "r":0.0,
      "f":0.0
    },
    "PRODUCT":{
      "p":0.0,
      "r":0.0,
      "f":0.0
    },
    "EVENT":{
      "p":1.0,
      "r":0.5,
      "f":0.6666666667
    }
  },
  "speed":630.0613441486
}