{
  "token_acc":1.0,
  "token_p":1.0,
  "token_r":1.0,
  "token_f":1.0,
  "ents_p":0.7702702703,
  "ents_r":0.7916666667,
  "ents_f":0.7808219178,
  "ents_per_type":{
    "PERSON":{
      "p":0.9090909091,
      "r":0.9302325581,
      "f":0.9195402299
    },
    "NORP":{
      "p":0.625,
      "r":1.0,
      "f":0.7692307692
    },
    "GPE":{
      "p":0.9285714286,
      "r":1.0,
      "f":0.962962963
    },
    "ORGANIZATION":{
      "p":1.0,
      "r":0.8125,
      "f":0.8965517241
    },
    "DATE":{
      "p":0.6666666667,
      "r":0.7619047619,
      "f":0.7111111111
    },
    "CARDINAL":{
      "p":0.5882352941,
      "r":0.7142857143,
      "f":0.6451612903
    },
    "PERCENT":{
      "p":0.0,
      "r":0.0,
      "f":0.0
    },
    "LOCATION":{
      "p":1.0,
      "r":1.0,
      "f":1.0
    },
    "QUANTITY":{
      "p":0.5,
      "r":0.5,
      "f":0.5
    },
    "LAW":{
      "p":0.25,
      "r":0.1666666667,
      "f":0.2
    },
    "MONEY":{
      "p":1.0,
      "r":1.0,
      "f":1.0
    },
    "TIME":{
      "p":1.0,
      "r":1.0,
      "f":1.0
    },
    "WORK OF ART":{
      "p":0.6111111111,
      "r":0.6470588235,
      "f":0.6285714286
    },
    "EVENT":{
      "p":1.0,
      "r":1.0,
      "f":1.0
    },
    "FACILITY":{
      "p":0.0,
      "r":0.0,
      "f":0.0
    }
  },
  "speed":893.4310925638
}