{
  "token_acc":1.0,
  "token_p":1.0,
  "token_r":1.0,
  "token_f":1.0,
  "ents_p":0.7785234899,
  "ents_r":0.8226950355,
  "ents_f":0.8,
  "ents_per_type":{
    "ORGANIZATION":{
      "p":0.875,
      "r":0.9333333333,
      "f":0.9032258065
    },
    "NORP":{
      "p":0.7142857143,
      "r":0.8333333333,
      "f":0.7692307692
    },
    "PERSON":{
      "p":0.976744186,
      "r":0.976744186,
      "f":0.976744186
    },
    "DATE":{
      "p":0.5652173913,
      "r":0.6842105263,
      "f":0.619047619
    },
    "GPE":{
      "p":0.9285714286,
      "r":1.0,
      "f":0.962962963
    },
    "CARDINAL":{
      "p":0.6470588235,
      "r":0.8461538462,
      "f":0.7333333333
    },
    "QUANTITY":{
      "p":0.25,
      "r":0.5,
      "f":0.3333333333
    },
    "PERCENT":{
      "p":0.0,
      "r":0.0,
      "f":0.0
    },
    "LOCATION":{
      "p":0.5,
      "r":1.0,
      "f":0.6666666667
    },
    "LAW":{
      "p":0.6,
      "r":0.5,
      "f":0.5454545455
    },
    "MONEY":{
      "p":1.0,
      "r":1.0,
      "f":1.0
    },
    "TIME":{
      "p":1.0,
      "r":1.0,
      "f":1.0
    },
    "WORK OF ART":{
      "p":0.7692307692,
      "r":0.5882352941,
      "f":0.6666666667
    },
    "FACILITY":{
      "p":0.0,
      "r":0.0,
      "f":0.0
    },
    "EVENT":{
      "p":0.5,
      "r":1.0,
      "f":0.6666666667
    },
    "PRODUCT":{
      "p":0.0,
      "r":0.0,
      "f":0.0
    }
  },
  "speed":861.0666136876
}