{
  "token_acc":1.0,
  "token_p":1.0,
  "token_r":1.0,
  "token_f":1.0,
  "ents_p":0.7480916031,
  "ents_r":0.6805555556,
  "ents_f":0.7127272727,
  "ents_per_type":{
    "NORP":{
      "p":0.75,
      "r":0.6,
      "f":0.6666666667
    },
    "PERSON":{
      "p":0.78,
      "r":0.9069767442,
      "f":0.8387096774
    },
    "DATE":{
      "p":0.65,
      "r":0.619047619,
      "f":0.6341463415
    },
    "GPE":{
      "p":0.8666666667,
      "r":1.0,
      "f":0.9285714286
    },
    "ORGANIZATION":{
      "p":1.0,
      "r":0.5625,
      "f":0.72
    },
    "ORG":{
      "p":0.0,
      "r":0.0,
      "f":0.0
    },
    "PERCENT":{
      "p":1.0,
      "r":1.0,
      "f":1.0
    },
    "LOCATION":{
      "p":0.0,
      "r":0.0,
      "f":0.0
    },
    "QUANTITY":{
      "p":0.5,
      "r":0.5,
      "f":0.5
    },
    "LAW":{
      "p":0.7142857143,
      "r":0.8333333333,
      "f":0.7692307692
    },
    "MONEY":{
      "p":1.0,
      "r":1.0,
      "f":1.0
    },
    "CARDINAL":{
      "p":0.7,
      "r":0.5,
      "f":0.5833333333
    },
    "TIME":{
      "p":1.0,
      "r":1.0,
      "f":1.0
    },
    "WORK OF ART":{
      "p":0.5,
      "r":0.1764705882,
      "f":0.2608695652
    },
    "EVENT":{
      "p":1.0,
      "r":1.0,
      "f":1.0
    },
    "FACILITY":{
      "p":0.0,
      "r":0.0,
      "f":0.0
    }
  },
  "speed":825.2372261036
}